

CREATE TABLE regions (
    region_id INT IDENTITY(1,1) PRIMARY KEY,
    region_name VARCHAR (25) DEFAULT NULL
);
 
CREATE TABLE countries (
    country_id CHAR (2) PRIMARY KEY,
    country_name VARCHAR (40) DEFAULT NULL,
    region_id INT NOT NULL,
    FOREIGN KEY (region_id) REFERENCES regions (region_id) ON DELETE CASCADE ON UPDATE CASCADE
);
 
CREATE TABLE locations (
    location_id INT IDENTITY(1,1) PRIMARY KEY,
    street_address VARCHAR (40) DEFAULT NULL,
    postal_code VARCHAR (12) DEFAULT NULL,
    city VARCHAR (30) NOT NULL,
    state_province VARCHAR (25) DEFAULT NULL,
    country_id CHAR (2) NOT NULL,
    FOREIGN KEY (country_id) REFERENCES countries (country_id) ON DELETE CASCADE ON UPDATE CASCADE
);
 
CREATE TABLE jobs (
    job_id VARCHAR (10) PRIMARY KEY,
    job_title VARCHAR (35) NOT NULL,
    min_salary DECIMAL (8, 2) DEFAULT NULL,
    max_salary DECIMAL (8, 2) DEFAULT NULL
);
 
CREATE TABLE departments (
    department_id INT IDENTITY(1,1) PRIMARY KEY,
    department_name VARCHAR (30) NOT NULL,
	manager_id INT,
    location_id INT DEFAULT NULL,
    FOREIGN KEY (location_id) REFERENCES locations (location_id) ON DELETE CASCADE ON UPDATE CASCADE,
);
 
CREATE TABLE employees (
    employee_id INT IDENTITY(1,1) PRIMARY KEY,
    first_name VARCHAR (20) DEFAULT NULL,
    last_name VARCHAR (25) NOT NULL,
    email VARCHAR (100) NOT NULL,
    phone_number VARCHAR (20) DEFAULT NULL,
    hire_date DATE NOT NULL,
    job_id VARCHAR (10) NOT NULL,
    salary DECIMAL (8, 2) NOT NULL,
	commission_pct DECIMAL(2,2),
    manager_id INT DEFAULT NULL,
    department_id INT DEFAULT NULL,
    FOREIGN KEY (job_id) REFERENCES jobs (job_id) ON DELETE CASCADE ON UPDATE CASCADE,
    FOREIGN KEY (department_id) REFERENCES departments (department_id) ON DELETE CASCADE ON UPDATE CASCADE,
    FOREIGN KEY (manager_id) REFERENCES employees (employee_id)
);
 
CREATE TABLE dependents (
    dependent_id INT IDENTITY(1,1) PRIMARY KEY,
    first_name VARCHAR (50) NOT NULL,
    last_name VARCHAR (50) NOT NULL,
    relationship VARCHAR (25) NOT NULL,
    employee_id INT NOT NULL,
    FOREIGN KEY (employee_id) REFERENCES employees (employee_id) ON DELETE CASCADE ON UPDATE CASCADE
);


/*Data for the table regions */
SET IDENTITY_INSERT regions ON;
  
INSERT INTO regions(region_id,region_name) VALUES (1,'Europe');
INSERT INTO regions(region_id,region_name) VALUES (2,'Americas');
INSERT INTO regions(region_id,region_name) VALUES (3,'Asia');
INSERT INTO regions(region_id,region_name) VALUES (4,'Middle East and Africa');
 
SET IDENTITY_INSERT regions OFF;  
 
/*Data for the table countries */
INSERT INTO countries(country_id,country_name,region_id) VALUES ('AR','Argentina',2);
INSERT INTO countries(country_id,country_name,region_id) VALUES ('AU','Australia',3);
INSERT INTO countries(country_id,country_name,region_id) VALUES ('BE','Belgium',1);
INSERT INTO countries(country_id,country_name,region_id) VALUES ('BR','Brazil',2);
INSERT INTO countries(country_id,country_name,region_id) VALUES ('CA','Canada',2);
INSERT INTO countries(country_id,country_name,region_id) VALUES ('CH','Switzerland',1);
INSERT INTO countries(country_id,country_name,region_id) VALUES ('CN','China',3);
INSERT INTO countries(country_id,country_name,region_id) VALUES ('DE','Germany',1);
INSERT INTO countries(country_id,country_name,region_id) VALUES ('DK','Denmark',1);
INSERT INTO countries(country_id,country_name,region_id) VALUES ('EG','Egypt',4);
INSERT INTO countries(country_id,country_name,region_id) VALUES ('FR','France',1);
INSERT INTO countries(country_id,country_name,region_id) VALUES ('HK','HongKong',3);
INSERT INTO countries(country_id,country_name,region_id) VALUES ('IL','Israel',4);
INSERT INTO countries(country_id,country_name,region_id) VALUES ('IN','India',3);
INSERT INTO countries(country_id,country_name,region_id) VALUES ('IT','Italy',1);
INSERT INTO countries(country_id,country_name,region_id) VALUES ('JP','Japan',3);
INSERT INTO countries(country_id,country_name,region_id) VALUES ('KW','Kuwait',4);
INSERT INTO countries(country_id,country_name,region_id) VALUES ('MX','Mexico',2);
INSERT INTO countries(country_id,country_name,region_id) VALUES ('NG','Nigeria',4);
INSERT INTO countries(country_id,country_name,region_id) VALUES ('NL','Netherlands',1);
INSERT INTO countries(country_id,country_name,region_id) VALUES ('SG','Singapore',3);
INSERT INTO countries(country_id,country_name,region_id) VALUES ('UK','United Kingdom',1);
INSERT INTO countries(country_id,country_name,region_id) VALUES ('US','United States of America',2);
INSERT INTO countries(country_id,country_name,region_id) VALUES ('ZM','Zambia',4);
INSERT INTO countries(country_id,country_name,region_id) VALUES ('ZW','Zimbabwe',4);
 
/*Data for the table locations */
SET IDENTITY_INSERT locations ON;
INSERT INTO locations(location_id,street_address,postal_code,city,state_province,country_id) VALUES (1400,'2014 Jabberwocky Rd','26192','Southlake','Texas','US');
INSERT INTO locations(location_id,street_address,postal_code,city,state_province,country_id) VALUES (1500,'2011 Interiors Blvd','99236','South San Francisco','California','US');
INSERT INTO locations(location_id,street_address,postal_code,city,state_province,country_id) VALUES (1700,'2004 Charade Rd','98199','Seattle','Washington','US');
INSERT INTO locations(location_id,street_address,postal_code,city,state_province,country_id) VALUES (1800,'147 Spadina Ave','M5V 2L7','Toronto','Ontario','CA');
INSERT INTO locations(location_id,street_address,postal_code,city,state_province,country_id) VALUES (2400,'8204 Arthur St',NULL,'London',NULL,'UK');
INSERT INTO locations(location_id,street_address,postal_code,city,state_province,country_id) VALUES (2500,'Magdalen Centre, The Oxford Science Park','OX9 9ZB','Oxford','Oxford','UK');
INSERT INTO locations(location_id,street_address,postal_code,city,state_province,country_id) VALUES (2700,'Schwanthalerstr. 7031','80925','Munich','Bavaria','DE');
SET IDENTITY_INSERT locations OFF;
 
/*Data for the table jobs */
-- SET IDENTITY_INSERT jobs ON;
INSERT INTO jobs(job_id,job_title,min_salary,max_salary) VALUES ('AC_ACCOUNT','Public Accountant',4200.00,9000.00);
INSERT INTO jobs(job_id,job_title,min_salary,max_salary) VALUES ('AC_MGR','Accounting Manager',8200.00,16000.00);
INSERT INTO jobs(job_id,job_title,min_salary,max_salary) VALUES ('AD_ASST','Administration Assistant',3000.00,6000.00);
INSERT INTO jobs(job_id,job_title,min_salary,max_salary) VALUES ('AD_PRES','President',20000.00,40000.00);
INSERT INTO jobs(job_id,job_title,min_salary,max_salary) VALUES ('AD_VP','Administration Vice President',15000.00,30000.00);
INSERT INTO jobs(job_id,job_title,min_salary,max_salary) VALUES ('FI_ACCOUNT','Accountant',4200.00,9000.00);
INSERT INTO jobs(job_id,job_title,min_salary,max_salary) VALUES ('FI_MGR','Finance Manager',8200.00,16000.00);
INSERT INTO jobs(job_id,job_title,min_salary,max_salary) VALUES ('HR_REP','Human Resources Representative',4000.00,9000.00);
INSERT INTO jobs(job_id,job_title,min_salary,max_salary) VALUES ('IT_PROG','Programmer',4000.00,10000.00);
INSERT INTO jobs(job_id,job_title,min_salary,max_salary) VALUES ('MK_MAN','Marketing Manager',9000.00,15000.00);
INSERT INTO jobs(job_id,job_title,min_salary,max_salary) VALUES ('MK_REP','Marketing Representative',4000.00,9000.00);
INSERT INTO jobs(job_id,job_title,min_salary,max_salary) VALUES ('PR_REP','Public Relations Representative',4500.00,10500.00);
INSERT INTO jobs(job_id,job_title,min_salary,max_salary) VALUES ('PU_CLERK','Purchasing Clerk',2500.00,5500.00);
INSERT INTO jobs(job_id,job_title,min_salary,max_salary) VALUES ('PU_MAN','Purchasing Manager',8000.00,15000.00);
INSERT INTO jobs(job_id,job_title,min_salary,max_salary) VALUES ('SA_MAN','Sales Manager',10000.00,20000.00);
INSERT INTO jobs(job_id,job_title,min_salary,max_salary) VALUES ('SA_REP','Sales Representative',6000.00,12000.00);
INSERT INTO jobs(job_id,job_title,min_salary,max_salary) VALUES ('SH_CLERK','Shipping Clerk',2500.00,5500.00);
INSERT INTO jobs(job_id,job_title,min_salary,max_salary) VALUES ('ST_CLERK','Stock Clerk',2000.00,5000.00);
INSERT INTO jobs(job_id,job_title,min_salary,max_salary) VALUES ('ST_MAN','Stock Manager',5500.00,8500.00);
-- SET IDENTITY_INSERT jobs OFF;
 
/*Data for the table departments */
SET IDENTITY_INSERT departments ON;
Insert into DEPARTMENTS (DEPARTMENT_ID,DEPARTMENT_NAME,MANAGER_ID,LOCATION_ID) values (10,'Administration',200,1700);
Insert into DEPARTMENTS (DEPARTMENT_ID,DEPARTMENT_NAME,MANAGER_ID,LOCATION_ID) values (20,'Marketing',201,1800);
Insert into DEPARTMENTS (DEPARTMENT_ID,DEPARTMENT_NAME,MANAGER_ID,LOCATION_ID) values (30,'Purchasing',114,1700);
Insert into DEPARTMENTS (DEPARTMENT_ID,DEPARTMENT_NAME,MANAGER_ID,LOCATION_ID) values (40,'Human Resources',203,2400);
Insert into DEPARTMENTS (DEPARTMENT_ID,DEPARTMENT_NAME,MANAGER_ID,LOCATION_ID) values (50,'Shipping',121,1500);
Insert into DEPARTMENTS (DEPARTMENT_ID,DEPARTMENT_NAME,MANAGER_ID,LOCATION_ID) values (60,'IT',103,1400);
Insert into DEPARTMENTS (DEPARTMENT_ID,DEPARTMENT_NAME,MANAGER_ID,LOCATION_ID) values (70,'Public Relations',204,2700);
Insert into DEPARTMENTS (DEPARTMENT_ID,DEPARTMENT_NAME,MANAGER_ID,LOCATION_ID) values (80,'Sales',145,2500);
Insert into DEPARTMENTS (DEPARTMENT_ID,DEPARTMENT_NAME,MANAGER_ID,LOCATION_ID) values (90,'Executive',100,1700);
Insert into DEPARTMENTS (DEPARTMENT_ID,DEPARTMENT_NAME,MANAGER_ID,LOCATION_ID) values (100,'Finance',108,1700);
Insert into DEPARTMENTS (DEPARTMENT_ID,DEPARTMENT_NAME,MANAGER_ID,LOCATION_ID) values (110,'Accounting',205,1700);
Insert into DEPARTMENTS (DEPARTMENT_ID,DEPARTMENT_NAME,MANAGER_ID,LOCATION_ID) values (120,'Treasury',null,1700);
Insert into DEPARTMENTS (DEPARTMENT_ID,DEPARTMENT_NAME,MANAGER_ID,LOCATION_ID) values (130,'Corporate Tax',null,1700);
Insert into DEPARTMENTS (DEPARTMENT_ID,DEPARTMENT_NAME,MANAGER_ID,LOCATION_ID) values (140,'Control And Credit',null,1700);
Insert into DEPARTMENTS (DEPARTMENT_ID,DEPARTMENT_NAME,MANAGER_ID,LOCATION_ID) values (150,'Shareholder Services',null,1700);
Insert into DEPARTMENTS (DEPARTMENT_ID,DEPARTMENT_NAME,MANAGER_ID,LOCATION_ID) values (160,'Benefits',null,1700);
Insert into DEPARTMENTS (DEPARTMENT_ID,DEPARTMENT_NAME,MANAGER_ID,LOCATION_ID) values (170,'Manufacturing',null,1700);
Insert into DEPARTMENTS (DEPARTMENT_ID,DEPARTMENT_NAME,MANAGER_ID,LOCATION_ID) values (180,'Construction',null,1700);
Insert into DEPARTMENTS (DEPARTMENT_ID,DEPARTMENT_NAME,MANAGER_ID,LOCATION_ID) values (190,'Contracting',null,1700);
Insert into DEPARTMENTS (DEPARTMENT_ID,DEPARTMENT_NAME,MANAGER_ID,LOCATION_ID) values (200,'Operations',null,1700);
Insert into DEPARTMENTS (DEPARTMENT_ID,DEPARTMENT_NAME,MANAGER_ID,LOCATION_ID) values (210,'IT Support',null,1700);
Insert into DEPARTMENTS (DEPARTMENT_ID,DEPARTMENT_NAME,MANAGER_ID,LOCATION_ID) values (220,'NOC',null,1700);
Insert into DEPARTMENTS (DEPARTMENT_ID,DEPARTMENT_NAME,MANAGER_ID,LOCATION_ID) values (230,'IT Helpdesk',null,1700);
Insert into DEPARTMENTS (DEPARTMENT_ID,DEPARTMENT_NAME,MANAGER_ID,LOCATION_ID) values (240,'Government Sales',null,1700);
Insert into DEPARTMENTS (DEPARTMENT_ID,DEPARTMENT_NAME,MANAGER_ID,LOCATION_ID) values (250,'Retail Sales',null,1700);
Insert into DEPARTMENTS (DEPARTMENT_ID,DEPARTMENT_NAME,MANAGER_ID,LOCATION_ID) values (260,'Recruiting',null,1700);
Insert into DEPARTMENTS (DEPARTMENT_ID,DEPARTMENT_NAME,MANAGER_ID,LOCATION_ID) values (270,'Payroll',null,1700);
SET IDENTITY_INSERT departments OFF;
 
 
/*Data for the table employees */
SET IDENTITY_INSERT employees ON;
Insert into EMPLOYEES (EMPLOYEE_ID,FIRST_NAME,LAST_NAME,EMAIL,PHONE_NUMBER,HIRE_DATE,JOB_ID,SALARY,COMMISSION_PCT,MANAGER_ID,DEPARTMENT_ID) values (100,'Steven','King','SKING','515.123.4567',cast('17-JUN-03' as datetime),'AD_PRES',24000,null,null,90);
Insert into EMPLOYEES (EMPLOYEE_ID,FIRST_NAME,LAST_NAME,EMAIL,PHONE_NUMBER,HIRE_DATE,JOB_ID,SALARY,COMMISSION_PCT,MANAGER_ID,DEPARTMENT_ID) values (101,'Neena','Kochhar','NKOCHHAR','515.123.4568',cast('21-SEP-05'as datetime),'AD_VP',17000,null,100,90);
Insert into EMPLOYEES (EMPLOYEE_ID,FIRST_NAME,LAST_NAME,EMAIL,PHONE_NUMBER,HIRE_DATE,JOB_ID,SALARY,COMMISSION_PCT,MANAGER_ID,DEPARTMENT_ID) values (102,'Lex','De Haan','LDEHAAN','515.123.4569',cast('13-JAN-01'as datetime),'AD_VP',17000,null,100,90);
Insert into EMPLOYEES (EMPLOYEE_ID,FIRST_NAME,LAST_NAME,EMAIL,PHONE_NUMBER,HIRE_DATE,JOB_ID,SALARY,COMMISSION_PCT,MANAGER_ID,DEPARTMENT_ID) values (103,'Alexander','Hunold','AHUNOLD','590.423.4567',cast('03-JAN-06'as datetime),'IT_PROG',9000,null,102,60);
Insert into EMPLOYEES (EMPLOYEE_ID,FIRST_NAME,LAST_NAME,EMAIL,PHONE_NUMBER,HIRE_DATE,JOB_ID,SALARY,COMMISSION_PCT,MANAGER_ID,DEPARTMENT_ID) values (104,'Bruce','Ernst','BERNST','590.423.4568',cast('21-MAY-07'as datetime),'IT_PROG',6000,null,103,60);
Insert into EMPLOYEES (EMPLOYEE_ID,FIRST_NAME,LAST_NAME,EMAIL,PHONE_NUMBER,HIRE_DATE,JOB_ID,SALARY,COMMISSION_PCT,MANAGER_ID,DEPARTMENT_ID) values (105,'David','Austin','DAUSTIN','590.423.4569',cast('25-JUN-05'as datetime),'IT_PROG',4800,null,103,60);
Insert into EMPLOYEES (EMPLOYEE_ID,FIRST_NAME,LAST_NAME,EMAIL,PHONE_NUMBER,HIRE_DATE,JOB_ID,SALARY,COMMISSION_PCT,MANAGER_ID,DEPARTMENT_ID) values (106,'Valli','Pataballa','VPATABAL','590.423.4560',cast('05-FEB-06'as datetime),'IT_PROG',4800,null,103,60);
Insert into EMPLOYEES (EMPLOYEE_ID,FIRST_NAME,LAST_NAME,EMAIL,PHONE_NUMBER,HIRE_DATE,JOB_ID,SALARY,COMMISSION_PCT,MANAGER_ID,DEPARTMENT_ID) values (107,'Diana','Lorentz','DLORENTZ','590.423.5567',cast('07-FEB-07'as datetime),'IT_PROG',4200,null,103,60);
Insert into EMPLOYEES (EMPLOYEE_ID,FIRST_NAME,LAST_NAME,EMAIL,PHONE_NUMBER,HIRE_DATE,JOB_ID,SALARY,COMMISSION_PCT,MANAGER_ID,DEPARTMENT_ID) values (108,'Nancy','Greenberg','NGREENBE','515.124.4569',cast('17-AUG-02'as datetime),'FI_MGR',12008,null,101,100);
Insert into EMPLOYEES (EMPLOYEE_ID,FIRST_NAME,LAST_NAME,EMAIL,PHONE_NUMBER,HIRE_DATE,JOB_ID,SALARY,COMMISSION_PCT,MANAGER_ID,DEPARTMENT_ID) values (109,'Daniel','Faviet','DFAVIET','515.124.4169',cast('16-AUG-02'as datetime),'FI_ACCOUNT',9000,null,108,100);
Insert into EMPLOYEES (EMPLOYEE_ID,FIRST_NAME,LAST_NAME,EMAIL,PHONE_NUMBER,HIRE_DATE,JOB_ID,SALARY,COMMISSION_PCT,MANAGER_ID,DEPARTMENT_ID) values (110,'John','Chen','JCHEN','515.124.4269',cast('28-SEP-05'as datetime),'FI_ACCOUNT',8200,null,108,100);
Insert into EMPLOYEES (EMPLOYEE_ID,FIRST_NAME,LAST_NAME,EMAIL,PHONE_NUMBER,HIRE_DATE,JOB_ID,SALARY,COMMISSION_PCT,MANAGER_ID,DEPARTMENT_ID) values (111,'Ismael','Sciarra','ISCIARRA','515.124.4369',cast('30-SEP-05'as datetime),'FI_ACCOUNT',7700,null,108,100);
Insert into EMPLOYEES (EMPLOYEE_ID,FIRST_NAME,LAST_NAME,EMAIL,PHONE_NUMBER,HIRE_DATE,JOB_ID,SALARY,COMMISSION_PCT,MANAGER_ID,DEPARTMENT_ID) values (112,'Jose Manuel','Urman','JMURMAN','515.124.4469',cast('07-MAR-06'as datetime),'FI_ACCOUNT',7800,null,108,100);
Insert into EMPLOYEES (EMPLOYEE_ID,FIRST_NAME,LAST_NAME,EMAIL,PHONE_NUMBER,HIRE_DATE,JOB_ID,SALARY,COMMISSION_PCT,MANAGER_ID,DEPARTMENT_ID) values (113,'Luis','Popp','LPOPP','515.124.4567',cast('07-DEC-07'as datetime),'FI_ACCOUNT',6900,null,108,100);
Insert into EMPLOYEES (EMPLOYEE_ID,FIRST_NAME,LAST_NAME,EMAIL,PHONE_NUMBER,HIRE_DATE,JOB_ID,SALARY,COMMISSION_PCT,MANAGER_ID,DEPARTMENT_ID) values (114,'Den','Raphaely','DRAPHEAL','515.127.4561',cast('07-DEC-02'as datetime),'PU_MAN',11000,null,100,30);
Insert into EMPLOYEES (EMPLOYEE_ID,FIRST_NAME,LAST_NAME,EMAIL,PHONE_NUMBER,HIRE_DATE,JOB_ID,SALARY,COMMISSION_PCT,MANAGER_ID,DEPARTMENT_ID) values (115,'Alexander','Khoo','AKHOO','515.127.4562',cast('18-MAY-03'as datetime),'PU_CLERK',3100,null,114,30);
Insert into EMPLOYEES (EMPLOYEE_ID,FIRST_NAME,LAST_NAME,EMAIL,PHONE_NUMBER,HIRE_DATE,JOB_ID,SALARY,COMMISSION_PCT,MANAGER_ID,DEPARTMENT_ID) values (116,'Shelli','Baida','SBAIDA','515.127.4563',cast('24-DEC-05'as datetime),'PU_CLERK',2900,null,114,30);
Insert into EMPLOYEES (EMPLOYEE_ID,FIRST_NAME,LAST_NAME,EMAIL,PHONE_NUMBER,HIRE_DATE,JOB_ID,SALARY,COMMISSION_PCT,MANAGER_ID,DEPARTMENT_ID) values (117,'Sigal','Tobias','STOBIAS','515.127.4564',cast('24-JUL-05'as datetime),'PU_CLERK',2800,null,114,30);
Insert into EMPLOYEES (EMPLOYEE_ID,FIRST_NAME,LAST_NAME,EMAIL,PHONE_NUMBER,HIRE_DATE,JOB_ID,SALARY,COMMISSION_PCT,MANAGER_ID,DEPARTMENT_ID) values (118,'Guy','Himuro','GHIMURO','515.127.4565',cast('15-NOV-06'as datetime),'PU_CLERK',2600,null,114,30);
Insert into EMPLOYEES (EMPLOYEE_ID,FIRST_NAME,LAST_NAME,EMAIL,PHONE_NUMBER,HIRE_DATE,JOB_ID,SALARY,COMMISSION_PCT,MANAGER_ID,DEPARTMENT_ID) values (119,'Karen','Colmenares','KCOLMENA','515.127.4566',cast('10-AUG-07'as datetime),'PU_CLERK',2500,null,114,30);
Insert into EMPLOYEES (EMPLOYEE_ID,FIRST_NAME,LAST_NAME,EMAIL,PHONE_NUMBER,HIRE_DATE,JOB_ID,SALARY,COMMISSION_PCT,MANAGER_ID,DEPARTMENT_ID) values (120,'Matthew','Weiss','MWEISS','650.123.1234',cast('18-JUL-04'as datetime),'ST_MAN',8000,null,100,50);
Insert into EMPLOYEES (EMPLOYEE_ID,FIRST_NAME,LAST_NAME,EMAIL,PHONE_NUMBER,HIRE_DATE,JOB_ID,SALARY,COMMISSION_PCT,MANAGER_ID,DEPARTMENT_ID) values (121,'Adam','Fripp','AFRIPP','650.123.2234',cast('10-APR-05'as datetime),'ST_MAN',8200,null,100,50);
Insert into EMPLOYEES (EMPLOYEE_ID,FIRST_NAME,LAST_NAME,EMAIL,PHONE_NUMBER,HIRE_DATE,JOB_ID,SALARY,COMMISSION_PCT,MANAGER_ID,DEPARTMENT_ID) values (122,'Payam','Kaufling','PKAUFLIN','650.123.3234',cast('01-MAY-03'as datetime),'ST_MAN',7900,null,100,50);
Insert into EMPLOYEES (EMPLOYEE_ID,FIRST_NAME,LAST_NAME,EMAIL,PHONE_NUMBER,HIRE_DATE,JOB_ID,SALARY,COMMISSION_PCT,MANAGER_ID,DEPARTMENT_ID) values (123,'Shanta','Vollman','SVOLLMAN','650.123.4234',cast('10-OCT-05'as datetime),'ST_MAN',6500,null,100,50);
Insert into EMPLOYEES (EMPLOYEE_ID,FIRST_NAME,LAST_NAME,EMAIL,PHONE_NUMBER,HIRE_DATE,JOB_ID,SALARY,COMMISSION_PCT,MANAGER_ID,DEPARTMENT_ID) values (124,'Kevin','Mourgos','KMOURGOS','650.123.5234',cast('16-NOV-07'as datetime),'ST_MAN',5800,null,100,50);
Insert into EMPLOYEES (EMPLOYEE_ID,FIRST_NAME,LAST_NAME,EMAIL,PHONE_NUMBER,HIRE_DATE,JOB_ID,SALARY,COMMISSION_PCT,MANAGER_ID,DEPARTMENT_ID) values (125,'Julia','Nayer','JNAYER','650.124.1214',cast('16-JUL-05'as datetime),'ST_CLERK',3200,null,120,50);
Insert into EMPLOYEES (EMPLOYEE_ID,FIRST_NAME,LAST_NAME,EMAIL,PHONE_NUMBER,HIRE_DATE,JOB_ID,SALARY,COMMISSION_PCT,MANAGER_ID,DEPARTMENT_ID) values (126,'Irene','Mikkilineni','IMIKKILI','650.124.1224',cast('28-SEP-06'as datetime),'ST_CLERK',2700,null,120,50);
Insert into EMPLOYEES (EMPLOYEE_ID,FIRST_NAME,LAST_NAME,EMAIL,PHONE_NUMBER,HIRE_DATE,JOB_ID,SALARY,COMMISSION_PCT,MANAGER_ID,DEPARTMENT_ID) values (127,'James','Landry','JLANDRY','650.124.1334',cast('14-JAN-07'as datetime),'ST_CLERK',2400,null,120,50);
Insert into EMPLOYEES (EMPLOYEE_ID,FIRST_NAME,LAST_NAME,EMAIL,PHONE_NUMBER,HIRE_DATE,JOB_ID,SALARY,COMMISSION_PCT,MANAGER_ID,DEPARTMENT_ID) values (128,'Steven','Markle','SMARKLE','650.124.1434',cast('08-MAR-08'as datetime),'ST_CLERK',2200,null,120,50);
Insert into EMPLOYEES (EMPLOYEE_ID,FIRST_NAME,LAST_NAME,EMAIL,PHONE_NUMBER,HIRE_DATE,JOB_ID,SALARY,COMMISSION_PCT,MANAGER_ID,DEPARTMENT_ID) values (129,'Laura','Bissot','LBISSOT','650.124.5234',cast('20-AUG-05'as datetime),'ST_CLERK',3300,null,121,50);
Insert into EMPLOYEES (EMPLOYEE_ID,FIRST_NAME,LAST_NAME,EMAIL,PHONE_NUMBER,HIRE_DATE,JOB_ID,SALARY,COMMISSION_PCT,MANAGER_ID,DEPARTMENT_ID) values (130,'Mozhe','Atkinson','MATKINSO','650.124.6234',cast('30-OCT-05'as datetime),'ST_CLERK',2800,null,121,50);
Insert into EMPLOYEES (EMPLOYEE_ID,FIRST_NAME,LAST_NAME,EMAIL,PHONE_NUMBER,HIRE_DATE,JOB_ID,SALARY,COMMISSION_PCT,MANAGER_ID,DEPARTMENT_ID) values (131,'James','Marlow','JAMRLOW','650.124.7234',cast('16-FEB-05'as datetime),'ST_CLERK',2500,null,121,50);
Insert into EMPLOYEES (EMPLOYEE_ID,FIRST_NAME,LAST_NAME,EMAIL,PHONE_NUMBER,HIRE_DATE,JOB_ID,SALARY,COMMISSION_PCT,MANAGER_ID,DEPARTMENT_ID) values (132,'TJ','Olson','TJOLSON','650.124.8234',cast('10-APR-07'as datetime),'ST_CLERK',2100,null,121,50);
Insert into EMPLOYEES (EMPLOYEE_ID,FIRST_NAME,LAST_NAME,EMAIL,PHONE_NUMBER,HIRE_DATE,JOB_ID,SALARY,COMMISSION_PCT,MANAGER_ID,DEPARTMENT_ID) values (133,'Jason','Mallin','JMALLIN','650.127.1934',cast('14-JUN-04'as datetime),'ST_CLERK',3300,null,122,50);
Insert into EMPLOYEES (EMPLOYEE_ID,FIRST_NAME,LAST_NAME,EMAIL,PHONE_NUMBER,HIRE_DATE,JOB_ID,SALARY,COMMISSION_PCT,MANAGER_ID,DEPARTMENT_ID) values (134,'Michael','Rogers','MROGERS','650.127.1834',cast('26-AUG-06'as datetime),'ST_CLERK',2900,null,122,50);
Insert into EMPLOYEES (EMPLOYEE_ID,FIRST_NAME,LAST_NAME,EMAIL,PHONE_NUMBER,HIRE_DATE,JOB_ID,SALARY,COMMISSION_PCT,MANAGER_ID,DEPARTMENT_ID) values (135,'Ki','Gee','KGEE','650.127.1734',cast('12-DEC-07'as datetime),'ST_CLERK',2400,null,122,50);
Insert into EMPLOYEES (EMPLOYEE_ID,FIRST_NAME,LAST_NAME,EMAIL,PHONE_NUMBER,HIRE_DATE,JOB_ID,SALARY,COMMISSION_PCT,MANAGER_ID,DEPARTMENT_ID) values (136,'Hazel','Philtanker','HPHILTAN','650.127.1634',cast('06-FEB-08'as datetime),'ST_CLERK',2200,null,122,50);
Insert into EMPLOYEES (EMPLOYEE_ID,FIRST_NAME,LAST_NAME,EMAIL,PHONE_NUMBER,HIRE_DATE,JOB_ID,SALARY,COMMISSION_PCT,MANAGER_ID,DEPARTMENT_ID) values (137,'Renske','Ladwig','RLADWIG','650.121.1234',cast('14-JUL-03'as datetime),'ST_CLERK',3600,null,123,50);
Insert into EMPLOYEES (EMPLOYEE_ID,FIRST_NAME,LAST_NAME,EMAIL,PHONE_NUMBER,HIRE_DATE,JOB_ID,SALARY,COMMISSION_PCT,MANAGER_ID,DEPARTMENT_ID) values (138,'Stephen','Stiles','SSTILES','650.121.2034',cast('26-OCT-05'as datetime),'ST_CLERK',3200,null,123,50);
Insert into EMPLOYEES (EMPLOYEE_ID,FIRST_NAME,LAST_NAME,EMAIL,PHONE_NUMBER,HIRE_DATE,JOB_ID,SALARY,COMMISSION_PCT,MANAGER_ID,DEPARTMENT_ID) values (139,'John','Seo','JSEO','650.121.2019',cast('12-FEB-06'as datetime),'ST_CLERK',2700,null,123,50);
Insert into EMPLOYEES (EMPLOYEE_ID,FIRST_NAME,LAST_NAME,EMAIL,PHONE_NUMBER,HIRE_DATE,JOB_ID,SALARY,COMMISSION_PCT,MANAGER_ID,DEPARTMENT_ID) values (140,'Joshua','Patel','JPATEL','650.121.1834',cast('06-APR-06'as datetime),'ST_CLERK',2500,null,123,50);
Insert into EMPLOYEES (EMPLOYEE_ID,FIRST_NAME,LAST_NAME,EMAIL,PHONE_NUMBER,HIRE_DATE,JOB_ID,SALARY,COMMISSION_PCT,MANAGER_ID,DEPARTMENT_ID) values (141,'Trenna','Rajs','TRAJS','650.121.8009',cast('17-OCT-03'as datetime),'ST_CLERK',3500,null,124,50);
Insert into EMPLOYEES (EMPLOYEE_ID,FIRST_NAME,LAST_NAME,EMAIL,PHONE_NUMBER,HIRE_DATE,JOB_ID,SALARY,COMMISSION_PCT,MANAGER_ID,DEPARTMENT_ID) values (142,'Curtis','Davies','CDAVIES','650.121.2994',cast('29-JAN-05'as datetime),'ST_CLERK',3100,null,124,50);
Insert into EMPLOYEES (EMPLOYEE_ID,FIRST_NAME,LAST_NAME,EMAIL,PHONE_NUMBER,HIRE_DATE,JOB_ID,SALARY,COMMISSION_PCT,MANAGER_ID,DEPARTMENT_ID) values (143,'Randall','Matos','RMATOS','650.121.2874',cast('15-MAR-06'as datetime),'ST_CLERK',2600,null,124,50);
Insert into EMPLOYEES (EMPLOYEE_ID,FIRST_NAME,LAST_NAME,EMAIL,PHONE_NUMBER,HIRE_DATE,JOB_ID,SALARY,COMMISSION_PCT,MANAGER_ID,DEPARTMENT_ID) values (144,'Peter','Vargas','PVARGAS','650.121.2004',cast('09-JUL-06'as datetime),'ST_CLERK',2500,null,124,50);
Insert into EMPLOYEES (EMPLOYEE_ID,FIRST_NAME,LAST_NAME,EMAIL,PHONE_NUMBER,HIRE_DATE,JOB_ID,SALARY,COMMISSION_PCT,MANAGER_ID,DEPARTMENT_ID) values (145,'John','Russell','JRUSSEL','011.44.1344.429268',cast('01-OCT-04'as datetime),'SA_MAN',14000,0.4,100,80);
Insert into EMPLOYEES (EMPLOYEE_ID,FIRST_NAME,LAST_NAME,EMAIL,PHONE_NUMBER,HIRE_DATE,JOB_ID,SALARY,COMMISSION_PCT,MANAGER_ID,DEPARTMENT_ID) values (146,'Karen','Partners','KPARTNER','011.44.1344.467268',cast('05-JAN-05'as datetime),'SA_MAN',13500,0.3,100,80);
Insert into EMPLOYEES (EMPLOYEE_ID,FIRST_NAME,LAST_NAME,EMAIL,PHONE_NUMBER,HIRE_DATE,JOB_ID,SALARY,COMMISSION_PCT,MANAGER_ID,DEPARTMENT_ID) values (147,'Alberto','Errazuriz','AERRAZUR','011.44.1344.429278',cast('10-MAR-05'as datetime),'SA_MAN',12000,0.3,100,80);
Insert into EMPLOYEES (EMPLOYEE_ID,FIRST_NAME,LAST_NAME,EMAIL,PHONE_NUMBER,HIRE_DATE,JOB_ID,SALARY,COMMISSION_PCT,MANAGER_ID,DEPARTMENT_ID) values (148,'Gerald','Cambrault','GCAMBRAU','011.44.1344.619268',cast('15-OCT-07'as datetime),'SA_MAN',11000,0.3,100,80);
Insert into EMPLOYEES (EMPLOYEE_ID,FIRST_NAME,LAST_NAME,EMAIL,PHONE_NUMBER,HIRE_DATE,JOB_ID,SALARY,COMMISSION_PCT,MANAGER_ID,DEPARTMENT_ID) values (149,'Eleni','Zlotkey','EZLOTKEY','011.44.1344.429018',cast('29-JAN-08'as datetime),'SA_MAN',10500,0.2,100,80);
Insert into EMPLOYEES (EMPLOYEE_ID,FIRST_NAME,LAST_NAME,EMAIL,PHONE_NUMBER,HIRE_DATE,JOB_ID,SALARY,COMMISSION_PCT,MANAGER_ID,DEPARTMENT_ID) values (150,'Peter','Tucker','PTUCKER','011.44.1344.129268',cast('30-JAN-05'as datetime),'SA_REP',10000,0.3,145,80);
Insert into EMPLOYEES (EMPLOYEE_ID,FIRST_NAME,LAST_NAME,EMAIL,PHONE_NUMBER,HIRE_DATE,JOB_ID,SALARY,COMMISSION_PCT,MANAGER_ID,DEPARTMENT_ID) values (151,'David','Bernstein','DBERNSTE','011.44.1344.345268',cast('24-MAR-05'as datetime),'SA_REP',9500,0.25,145,80);
Insert into EMPLOYEES (EMPLOYEE_ID,FIRST_NAME,LAST_NAME,EMAIL,PHONE_NUMBER,HIRE_DATE,JOB_ID,SALARY,COMMISSION_PCT,MANAGER_ID,DEPARTMENT_ID) values (152,'Peter','Hall','PHALL','011.44.1344.478968',cast('20-AUG-05'as datetime),'SA_REP',9000,0.25,145,80);
Insert into EMPLOYEES (EMPLOYEE_ID,FIRST_NAME,LAST_NAME,EMAIL,PHONE_NUMBER,HIRE_DATE,JOB_ID,SALARY,COMMISSION_PCT,MANAGER_ID,DEPARTMENT_ID) values (153,'Christopher','Olsen','COLSEN','011.44.1344.498718',cast('30-MAR-06'as datetime),'SA_REP',8000,0.2,145,80);
Insert into EMPLOYEES (EMPLOYEE_ID,FIRST_NAME,LAST_NAME,EMAIL,PHONE_NUMBER,HIRE_DATE,JOB_ID,SALARY,COMMISSION_PCT,MANAGER_ID,DEPARTMENT_ID) values (154,'Nanette','Cambrault','NCAMBRAU','011.44.1344.987668',cast('09-DEC-06'as datetime),'SA_REP',7500,0.2,145,80);
Insert into EMPLOYEES (EMPLOYEE_ID,FIRST_NAME,LAST_NAME,EMAIL,PHONE_NUMBER,HIRE_DATE,JOB_ID,SALARY,COMMISSION_PCT,MANAGER_ID,DEPARTMENT_ID) values (155,'Oliver','Tuvault','OTUVAULT','011.44.1344.486508',cast('23-NOV-07'as datetime),'SA_REP',7000,0.15,145,80);
Insert into EMPLOYEES (EMPLOYEE_ID,FIRST_NAME,LAST_NAME,EMAIL,PHONE_NUMBER,HIRE_DATE,JOB_ID,SALARY,COMMISSION_PCT,MANAGER_ID,DEPARTMENT_ID) values (156,'Janette','King','JKING','011.44.1345.429268',cast('30-JAN-04'as datetime),'SA_REP',10000,0.35,146,80);
Insert into EMPLOYEES (EMPLOYEE_ID,FIRST_NAME,LAST_NAME,EMAIL,PHONE_NUMBER,HIRE_DATE,JOB_ID,SALARY,COMMISSION_PCT,MANAGER_ID,DEPARTMENT_ID) values (157,'Patrick','Sully','PSULLY','011.44.1345.929268',cast('04-MAR-04'as datetime),'SA_REP',9500,0.35,146,80);
Insert into EMPLOYEES (EMPLOYEE_ID,FIRST_NAME,LAST_NAME,EMAIL,PHONE_NUMBER,HIRE_DATE,JOB_ID,SALARY,COMMISSION_PCT,MANAGER_ID,DEPARTMENT_ID) values (158,'Allan','McEwen','AMCEWEN','011.44.1345.829268',cast('01-AUG-04'as datetime),'SA_REP',9000,0.35,146,80);
Insert into EMPLOYEES (EMPLOYEE_ID,FIRST_NAME,LAST_NAME,EMAIL,PHONE_NUMBER,HIRE_DATE,JOB_ID,SALARY,COMMISSION_PCT,MANAGER_ID,DEPARTMENT_ID) values (159,'Lindsey','Smith','LSMITH','011.44.1345.729268',cast('10-MAR-05'as datetime),'SA_REP',8000,0.3,146,80);
Insert into EMPLOYEES (EMPLOYEE_ID,FIRST_NAME,LAST_NAME,EMAIL,PHONE_NUMBER,HIRE_DATE,JOB_ID,SALARY,COMMISSION_PCT,MANAGER_ID,DEPARTMENT_ID) values (160,'Louise','Doran','LDORAN','011.44.1345.629268',cast('15-DEC-05'as datetime),'SA_REP',7500,0.3,146,80);
Insert into EMPLOYEES (EMPLOYEE_ID,FIRST_NAME,LAST_NAME,EMAIL,PHONE_NUMBER,HIRE_DATE,JOB_ID,SALARY,COMMISSION_PCT,MANAGER_ID,DEPARTMENT_ID) values (161,'Sarath','Sewall','SSEWALL','011.44.1345.529268',cast('03-NOV-06'as datetime),'SA_REP',7000,0.25,146,80);
Insert into EMPLOYEES (EMPLOYEE_ID,FIRST_NAME,LAST_NAME,EMAIL,PHONE_NUMBER,HIRE_DATE,JOB_ID,SALARY,COMMISSION_PCT,MANAGER_ID,DEPARTMENT_ID) values (162,'Clara','Vishney','CVISHNEY','011.44.1346.129268',cast('11-NOV-05'as datetime),'SA_REP',10500,0.25,147,80);
Insert into EMPLOYEES (EMPLOYEE_ID,FIRST_NAME,LAST_NAME,EMAIL,PHONE_NUMBER,HIRE_DATE,JOB_ID,SALARY,COMMISSION_PCT,MANAGER_ID,DEPARTMENT_ID) values (163,'Danielle','Greene','DGREENE','011.44.1346.229268',cast('19-MAR-07'as datetime),'SA_REP',9500,0.15,147,80);
Insert into EMPLOYEES (EMPLOYEE_ID,FIRST_NAME,LAST_NAME,EMAIL,PHONE_NUMBER,HIRE_DATE,JOB_ID,SALARY,COMMISSION_PCT,MANAGER_ID,DEPARTMENT_ID) values (164,'Mattea','Marvins','MMARVINS','011.44.1346.329268',cast('24-JAN-08'as datetime),'SA_REP',7200,0.1,147,80);
Insert into EMPLOYEES (EMPLOYEE_ID,FIRST_NAME,LAST_NAME,EMAIL,PHONE_NUMBER,HIRE_DATE,JOB_ID,SALARY,COMMISSION_PCT,MANAGER_ID,DEPARTMENT_ID) values (165,'David','Lee','DLEE','011.44.1346.529268',cast('23-FEB-08'as datetime),'SA_REP',6800,0.1,147,80);
Insert into EMPLOYEES (EMPLOYEE_ID,FIRST_NAME,LAST_NAME,EMAIL,PHONE_NUMBER,HIRE_DATE,JOB_ID,SALARY,COMMISSION_PCT,MANAGER_ID,DEPARTMENT_ID) values (166,'Sundar','Ande','SANDE','011.44.1346.629268',cast('24-MAR-08'as datetime),'SA_REP',6400,0.1,147,80);
Insert into EMPLOYEES (EMPLOYEE_ID,FIRST_NAME,LAST_NAME,EMAIL,PHONE_NUMBER,HIRE_DATE,JOB_ID,SALARY,COMMISSION_PCT,MANAGER_ID,DEPARTMENT_ID) values (167,'Amit','Banda','ABANDA','011.44.1346.729268',cast('21-APR-08'as datetime),'SA_REP',6200,0.1,147,80);
Insert into EMPLOYEES (EMPLOYEE_ID,FIRST_NAME,LAST_NAME,EMAIL,PHONE_NUMBER,HIRE_DATE,JOB_ID,SALARY,COMMISSION_PCT,MANAGER_ID,DEPARTMENT_ID) values (168,'Lisa','Ozer','LOZER','011.44.1343.929268',cast('11-MAR-05'as datetime),'SA_REP',11500,0.25,148,80);
Insert into EMPLOYEES (EMPLOYEE_ID,FIRST_NAME,LAST_NAME,EMAIL,PHONE_NUMBER,HIRE_DATE,JOB_ID,SALARY,COMMISSION_PCT,MANAGER_ID,DEPARTMENT_ID) values (169,'Harrison','Bloom','HBLOOM','011.44.1343.829268',cast('23-MAR-06'as datetime),'SA_REP',10000,0.2,148,80);
Insert into EMPLOYEES (EMPLOYEE_ID,FIRST_NAME,LAST_NAME,EMAIL,PHONE_NUMBER,HIRE_DATE,JOB_ID,SALARY,COMMISSION_PCT,MANAGER_ID,DEPARTMENT_ID) values (170,'Tayler','Fox','TFOX','011.44.1343.729268',cast('24-JAN-06'as datetime),'SA_REP',9600,0.2,148,80);
Insert into EMPLOYEES (EMPLOYEE_ID,FIRST_NAME,LAST_NAME,EMAIL,PHONE_NUMBER,HIRE_DATE,JOB_ID,SALARY,COMMISSION_PCT,MANAGER_ID,DEPARTMENT_ID) values (171,'William','Smith','WSMITH','011.44.1343.629268',cast('23-FEB-07'as datetime),'SA_REP',7400,0.15,148,80);
Insert into EMPLOYEES (EMPLOYEE_ID,FIRST_NAME,LAST_NAME,EMAIL,PHONE_NUMBER,HIRE_DATE,JOB_ID,SALARY,COMMISSION_PCT,MANAGER_ID,DEPARTMENT_ID) values (172,'Elizabeth','Bates','EBATES','011.44.1343.529268',cast('24-MAR-07'as datetime),'SA_REP',7300,0.15,148,80);
Insert into EMPLOYEES (EMPLOYEE_ID,FIRST_NAME,LAST_NAME,EMAIL,PHONE_NUMBER,HIRE_DATE,JOB_ID,SALARY,COMMISSION_PCT,MANAGER_ID,DEPARTMENT_ID) values (173,'Sundita','Kumar','SKUMAR','011.44.1343.329268',cast('21-APR-08'as datetime),'SA_REP',6100,0.1,148,80);
Insert into EMPLOYEES (EMPLOYEE_ID,FIRST_NAME,LAST_NAME,EMAIL,PHONE_NUMBER,HIRE_DATE,JOB_ID,SALARY,COMMISSION_PCT,MANAGER_ID,DEPARTMENT_ID) values (174,'Ellen','Abel','EABEL','011.44.1644.429267',cast('11-MAY-04'as datetime),'SA_REP',11000,0.3,149,80);
Insert into EMPLOYEES (EMPLOYEE_ID,FIRST_NAME,LAST_NAME,EMAIL,PHONE_NUMBER,HIRE_DATE,JOB_ID,SALARY,COMMISSION_PCT,MANAGER_ID,DEPARTMENT_ID) values (175,'Alyssa','Hutton','AHUTTON','011.44.1644.429266',cast('19-MAR-05'as datetime),'SA_REP',8800,0.25,149,80);
Insert into EMPLOYEES (EMPLOYEE_ID,FIRST_NAME,LAST_NAME,EMAIL,PHONE_NUMBER,HIRE_DATE,JOB_ID,SALARY,COMMISSION_PCT,MANAGER_ID,DEPARTMENT_ID) values (176,'Jonathon','Taylor','JTAYLOR','011.44.1644.429265',cast('24-MAR-06'as datetime),'SA_REP',8600,0.2,149,80);
Insert into EMPLOYEES (EMPLOYEE_ID,FIRST_NAME,LAST_NAME,EMAIL,PHONE_NUMBER,HIRE_DATE,JOB_ID,SALARY,COMMISSION_PCT,MANAGER_ID,DEPARTMENT_ID) values (177,'Jack','Livingston','JLIVINGS','011.44.1644.429264',cast('23-APR-06'as datetime),'SA_REP',8400,0.2,149,80);
Insert into EMPLOYEES (EMPLOYEE_ID,FIRST_NAME,LAST_NAME,EMAIL,PHONE_NUMBER,HIRE_DATE,JOB_ID,SALARY,COMMISSION_PCT,MANAGER_ID,DEPARTMENT_ID) values (178,'Kimberely','Grant','KGRANT','011.44.1644.429263',cast('24-MAY-07'as datetime),'SA_REP',7000,0.15,149,null);
Insert into EMPLOYEES (EMPLOYEE_ID,FIRST_NAME,LAST_NAME,EMAIL,PHONE_NUMBER,HIRE_DATE,JOB_ID,SALARY,COMMISSION_PCT,MANAGER_ID,DEPARTMENT_ID) values (179,'Charles','Johnson','CJOHNSON','011.44.1644.429262',cast('04-JAN-08'as datetime),'SA_REP',6200,0.1,149,80);
Insert into EMPLOYEES (EMPLOYEE_ID,FIRST_NAME,LAST_NAME,EMAIL,PHONE_NUMBER,HIRE_DATE,JOB_ID,SALARY,COMMISSION_PCT,MANAGER_ID,DEPARTMENT_ID) values (180,'Winston','Taylor','WTAYLOR','650.507.9876',cast('24-JAN-06'as datetime),'SH_CLERK',3200,null,120,50);
Insert into EMPLOYEES (EMPLOYEE_ID,FIRST_NAME,LAST_NAME,EMAIL,PHONE_NUMBER,HIRE_DATE,JOB_ID,SALARY,COMMISSION_PCT,MANAGER_ID,DEPARTMENT_ID) values (181,'Jean','Fleaur','JFLEAUR','650.507.9877',cast('23-FEB-06'as datetime),'SH_CLERK',3100,null,120,50);
Insert into EMPLOYEES (EMPLOYEE_ID,FIRST_NAME,LAST_NAME,EMAIL,PHONE_NUMBER,HIRE_DATE,JOB_ID,SALARY,COMMISSION_PCT,MANAGER_ID,DEPARTMENT_ID) values (182,'Martha','Sullivan','MSULLIVA','650.507.9878',cast('21-JUN-07'as datetime),'SH_CLERK',2500,null,120,50);
Insert into EMPLOYEES (EMPLOYEE_ID,FIRST_NAME,LAST_NAME,EMAIL,PHONE_NUMBER,HIRE_DATE,JOB_ID,SALARY,COMMISSION_PCT,MANAGER_ID,DEPARTMENT_ID) values (183,'Girard','Geoni','GGEONI','650.507.9879',cast('03-FEB-08'as datetime),'SH_CLERK',2800,null,120,50);
Insert into EMPLOYEES (EMPLOYEE_ID,FIRST_NAME,LAST_NAME,EMAIL,PHONE_NUMBER,HIRE_DATE,JOB_ID,SALARY,COMMISSION_PCT,MANAGER_ID,DEPARTMENT_ID) values (184,'Nandita','Sarchand','NSARCHAN','650.509.1876',cast('27-JAN-04'as datetime),'SH_CLERK',4200,null,121,50);
Insert into EMPLOYEES (EMPLOYEE_ID,FIRST_NAME,LAST_NAME,EMAIL,PHONE_NUMBER,HIRE_DATE,JOB_ID,SALARY,COMMISSION_PCT,MANAGER_ID,DEPARTMENT_ID) values (185,'Alexis','Bull','ABULL','650.509.2876',cast('20-FEB-05'as datetime),'SH_CLERK',4100,null,121,50);
Insert into EMPLOYEES (EMPLOYEE_ID,FIRST_NAME,LAST_NAME,EMAIL,PHONE_NUMBER,HIRE_DATE,JOB_ID,SALARY,COMMISSION_PCT,MANAGER_ID,DEPARTMENT_ID) values (186,'Julia','Dellinger','JDELLING','650.509.3876',cast('24-JUN-06'as datetime),'SH_CLERK',3400,null,121,50);
Insert into EMPLOYEES (EMPLOYEE_ID,FIRST_NAME,LAST_NAME,EMAIL,PHONE_NUMBER,HIRE_DATE,JOB_ID,SALARY,COMMISSION_PCT,MANAGER_ID,DEPARTMENT_ID) values (187,'Anthony','Cabrio','ACABRIO','650.509.4876',cast('07-FEB-07'as datetime),'SH_CLERK',3000,null,121,50);
Insert into EMPLOYEES (EMPLOYEE_ID,FIRST_NAME,LAST_NAME,EMAIL,PHONE_NUMBER,HIRE_DATE,JOB_ID,SALARY,COMMISSION_PCT,MANAGER_ID,DEPARTMENT_ID) values (188,'Kelly','Chung','KCHUNG','650.505.1876',cast('14-JUN-05'as datetime),'SH_CLERK',3800,null,122,50);
Insert into EMPLOYEES (EMPLOYEE_ID,FIRST_NAME,LAST_NAME,EMAIL,PHONE_NUMBER,HIRE_DATE,JOB_ID,SALARY,COMMISSION_PCT,MANAGER_ID,DEPARTMENT_ID) values (189,'Jennifer','Dilly','JDILLY','650.505.2876',cast('13-AUG-05'as datetime),'SH_CLERK',3600,null,122,50);
Insert into EMPLOYEES (EMPLOYEE_ID,FIRST_NAME,LAST_NAME,EMAIL,PHONE_NUMBER,HIRE_DATE,JOB_ID,SALARY,COMMISSION_PCT,MANAGER_ID,DEPARTMENT_ID) values (190,'Timothy','Gates','TGATES','650.505.3876',cast('11-JUL-06'as datetime),'SH_CLERK',2900,null,122,50);
Insert into EMPLOYEES (EMPLOYEE_ID,FIRST_NAME,LAST_NAME,EMAIL,PHONE_NUMBER,HIRE_DATE,JOB_ID,SALARY,COMMISSION_PCT,MANAGER_ID,DEPARTMENT_ID) values (191,'Randall','Perkins','RPERKINS','650.505.4876',cast('19-DEC-07'as datetime),'SH_CLERK',2500,null,122,50);
Insert into EMPLOYEES (EMPLOYEE_ID,FIRST_NAME,LAST_NAME,EMAIL,PHONE_NUMBER,HIRE_DATE,JOB_ID,SALARY,COMMISSION_PCT,MANAGER_ID,DEPARTMENT_ID) values (192,'Sarah','Bell','SBELL','650.501.1876',cast('04-FEB-04'as datetime),'SH_CLERK',4000,null,123,50);
Insert into EMPLOYEES (EMPLOYEE_ID,FIRST_NAME,LAST_NAME,EMAIL,PHONE_NUMBER,HIRE_DATE,JOB_ID,SALARY,COMMISSION_PCT,MANAGER_ID,DEPARTMENT_ID) values (193,'Britney','Everett','BEVERETT','650.501.2876',cast('03-MAR-05'as datetime),'SH_CLERK',3900,null,123,50);
Insert into EMPLOYEES (EMPLOYEE_ID,FIRST_NAME,LAST_NAME,EMAIL,PHONE_NUMBER,HIRE_DATE,JOB_ID,SALARY,COMMISSION_PCT,MANAGER_ID,DEPARTMENT_ID) values (194,'Samuel','McCain','SMCCAIN','650.501.3876',cast('01-JUL-06'as datetime),'SH_CLERK',3200,null,123,50);
Insert into EMPLOYEES (EMPLOYEE_ID,FIRST_NAME,LAST_NAME,EMAIL,PHONE_NUMBER,HIRE_DATE,JOB_ID,SALARY,COMMISSION_PCT,MANAGER_ID,DEPARTMENT_ID) values (195,'Vance','Jones','VJONES','650.501.4876',cast('17-MAR-07'as datetime),'SH_CLERK',2800,null,123,50);
Insert into EMPLOYEES (EMPLOYEE_ID,FIRST_NAME,LAST_NAME,EMAIL,PHONE_NUMBER,HIRE_DATE,JOB_ID,SALARY,COMMISSION_PCT,MANAGER_ID,DEPARTMENT_ID) values (196,'Alana','Walsh','AWALSH','650.507.9811',cast('24-APR-06'as datetime),'SH_CLERK',3100,null,124,50);
Insert into EMPLOYEES (EMPLOYEE_ID,FIRST_NAME,LAST_NAME,EMAIL,PHONE_NUMBER,HIRE_DATE,JOB_ID,SALARY,COMMISSION_PCT,MANAGER_ID,DEPARTMENT_ID) values (197,'Kevin','Feeney','KFEENEY','650.507.9822',cast('23-MAY-06'as datetime),'SH_CLERK',3000,null,124,50);
Insert into EMPLOYEES (EMPLOYEE_ID,FIRST_NAME,LAST_NAME,EMAIL,PHONE_NUMBER,HIRE_DATE,JOB_ID,SALARY,COMMISSION_PCT,MANAGER_ID,DEPARTMENT_ID) values (198,'Donald','OConnell','DOCONNEL','650.507.9833',cast('21-JUN-07'as datetime),'SH_CLERK',2600,null,124,50);
Insert into EMPLOYEES (EMPLOYEE_ID,FIRST_NAME,LAST_NAME,EMAIL,PHONE_NUMBER,HIRE_DATE,JOB_ID,SALARY,COMMISSION_PCT,MANAGER_ID,DEPARTMENT_ID) values (199,'Douglas','Grant','DGRANT','650.507.9844',cast('13-JAN-08'as datetime),'SH_CLERK',2600,null,124,50);
Insert into EMPLOYEES (EMPLOYEE_ID,FIRST_NAME,LAST_NAME,EMAIL,PHONE_NUMBER,HIRE_DATE,JOB_ID,SALARY,COMMISSION_PCT,MANAGER_ID,DEPARTMENT_ID) values (200,'Jennifer','Whalen','JWHALEN','515.123.4444',cast('17-SEP-03'as datetime),'AD_ASST',4400,null,101,10);
Insert into EMPLOYEES (EMPLOYEE_ID,FIRST_NAME,LAST_NAME,EMAIL,PHONE_NUMBER,HIRE_DATE,JOB_ID,SALARY,COMMISSION_PCT,MANAGER_ID,DEPARTMENT_ID) values (201,'Michael','Hartstein','MHARTSTE','515.123.5555',cast('17-FEB-04'as datetime),'MK_MAN',13000,null,100,20);
Insert into EMPLOYEES (EMPLOYEE_ID,FIRST_NAME,LAST_NAME,EMAIL,PHONE_NUMBER,HIRE_DATE,JOB_ID,SALARY,COMMISSION_PCT,MANAGER_ID,DEPARTMENT_ID) values (202,'Pat','Fay','PFAY','603.123.6666',cast('17-AUG-05'as datetime),'MK_REP',6000,null,201,20);
Insert into EMPLOYEES (EMPLOYEE_ID,FIRST_NAME,LAST_NAME,EMAIL,PHONE_NUMBER,HIRE_DATE,JOB_ID,SALARY,COMMISSION_PCT,MANAGER_ID,DEPARTMENT_ID) values (203,'Susan','Mavris','SMAVRIS','515.123.7777',cast('07-JUN-02'as datetime),'HR_REP',6500,null,101,40);
Insert into EMPLOYEES (EMPLOYEE_ID,FIRST_NAME,LAST_NAME,EMAIL,PHONE_NUMBER,HIRE_DATE,JOB_ID,SALARY,COMMISSION_PCT,MANAGER_ID,DEPARTMENT_ID) values (204,'Hermann','Baer','HBAER','515.123.8888',cast('07-JUN-02'as datetime),'PR_REP',10000,null,101,70);
Insert into EMPLOYEES (EMPLOYEE_ID,FIRST_NAME,LAST_NAME,EMAIL,PHONE_NUMBER,HIRE_DATE,JOB_ID,SALARY,COMMISSION_PCT,MANAGER_ID,DEPARTMENT_ID) values (205,'Shelley','Higgins','SHIGGINS','515.123.8080',cast('07-JUN-02'as datetime),'AC_MGR',12008,null,101,110);
Insert into EMPLOYEES (EMPLOYEE_ID,FIRST_NAME,LAST_NAME,EMAIL,PHONE_NUMBER,HIRE_DATE,JOB_ID,SALARY,COMMISSION_PCT,MANAGER_ID,DEPARTMENT_ID) values (206,'William','Gietz','WGIETZ','515.123.8181',cast('07-JUN-02'as datetime),'AC_ACCOUNT',8300,null,205,110);
SET IDENTITY_INSERT employees OFF;
 
/*Data for the table dependents */
SET IDENTITY_INSERT dependents ON;
INSERT INTO dependents(dependent_id,first_name,last_name,relationship,employee_id) VALUES (1,'Penelope','Gietz','Child',206);
INSERT INTO dependents(dependent_id,first_name,last_name,relationship,employee_id) VALUES (2,'Nick','Higgins','Child',205);
INSERT INTO dependents(dependent_id,first_name,last_name,relationship,employee_id) VALUES (3,'Ed','Whalen','Child',200);
INSERT INTO dependents(dependent_id,first_name,last_name,relationship,employee_id) VALUES (4,'Jennifer','King','Child',100);
INSERT INTO dependents(dependent_id,first_name,last_name,relationship,employee_id) VALUES (5,'Johnny','Kochhar','Child',101);
INSERT INTO dependents(dependent_id,first_name,last_name,relationship,employee_id) VALUES (6,'Bette','De Haan','Child',102);
INSERT INTO dependents(dependent_id,first_name,last_name,relationship,employee_id) VALUES (7,'Grace','Faviet','Child',109);
INSERT INTO dependents(dependent_id,first_name,last_name,relationship,employee_id) VALUES (8,'Matthew','Chen','Child',110);
INSERT INTO dependents(dependent_id,first_name,last_name,relationship,employee_id) VALUES (9,'Joe','Sciarra','Child',111);
INSERT INTO dependents(dependent_id,first_name,last_name,relationship,employee_id) VALUES (10,'Christian','Urman','Child',112);
INSERT INTO dependents(dependent_id,first_name,last_name,relationship,employee_id) VALUES (11,'Zero','Popp','Child',113);
INSERT INTO dependents(dependent_id,first_name,last_name,relationship,employee_id) VALUES (12,'Karl','Greenberg','Child',108);
INSERT INTO dependents(dependent_id,first_name,last_name,relationship,employee_id) VALUES (13,'Uma','Mavris','Child',203);
INSERT INTO dependents(dependent_id,first_name,last_name,relationship,employee_id) VALUES (14,'Vivien','Hunold','Child',103);
INSERT INTO dependents(dependent_id,first_name,last_name,relationship,employee_id) VALUES (15,'Cuba','Ernst','Child',104);
INSERT INTO dependents(dependent_id,first_name,last_name,relationship,employee_id) VALUES (16,'Fred','Austin','Child',105);
INSERT INTO dependents(dependent_id,first_name,last_name,relationship,employee_id) VALUES (17,'Helen','Pataballa','Child',106);
INSERT INTO dependents(dependent_id,first_name,last_name,relationship,employee_id) VALUES (18,'Dan','Lorentz','Child',107);
INSERT INTO dependents(dependent_id,first_name,last_name,relationship,employee_id) VALUES (19,'Bob','Hartstein','Child',201);
INSERT INTO dependents(dependent_id,first_name,last_name,relationship,employee_id) VALUES (20,'Lucille','Fay','Child',202);
INSERT INTO dependents(dependent_id,first_name,last_name,relationship,employee_id) VALUES (21,'Kirsten','Baer','Child',204);
INSERT INTO dependents(dependent_id,first_name,last_name,relationship,employee_id) VALUES (22,'Elvis','Khoo','Child',115);
INSERT INTO dependents(dependent_id,first_name,last_name,relationship,employee_id) VALUES (23,'Sandra','Baida','Child',116);
INSERT INTO dependents(dependent_id,first_name,last_name,relationship,employee_id) VALUES (24,'Cameron','Tobias','Child',117);
INSERT INTO dependents(dependent_id,first_name,last_name,relationship,employee_id) VALUES (25,'Kevin','Himuro','Child',118);
INSERT INTO dependents(dependent_id,first_name,last_name,relationship,employee_id) VALUES (26,'Rip','Colmenares','Child',119);
INSERT INTO dependents(dependent_id,first_name,last_name,relationship,employee_id) VALUES (27,'Julia','Raphaely','Child',114);
INSERT INTO dependents(dependent_id,first_name,last_name,relationship,employee_id) VALUES (28,'Woody','Russell','Child',145);
INSERT INTO dependents(dependent_id,first_name,last_name,relationship,employee_id) VALUES (29,'Alec','Partners','Child',146);
INSERT INTO dependents(dependent_id,first_name,last_name,relationship,employee_id) VALUES (30,'Sandra','Taylor','Child',176);
SET IDENTITY_INSERT dependents OFF;


ALTER TABLE departments
ADD CONSTRAINT depts_mgr_fk FOREIGN KEY (manager_id) REFERENCES employees (employee_id)